machine_name,start_timestamp,actual_end_timestamp,speculated_end_timestamp
arouf@ec10,1746223214,1746664071,1746688895.2116492
arouf@ec12,1746210759,1746641828,1746696410.1974373
arouf@ec136,1746232833,1746478120,1746689457.3158994
arouf@ec138,1746233266,1746478129,1746690163.2930448
arouf@ec143,1746232878,1746477976,1746690884.4842281
arouf@ec15,1746210778,1746713595,1746689406.593151
arouf@ec16,1746211331,1746641129,1746697042.1411955
arouf@ec166,1746232549,1746478233,1746689917.3048153
arouf@ec168,1746233368,1746477732,1746690633.5788865
arouf@ec17,1746210808,1746641800,1746693167.0194197
arouf@ec18,1746210830,1746642389,1746695380.1653595
arouf@ec187,1746232418,1746900832,1746689993.233172
arouf@ec19,1746210804,1746640528,1746692916.664218
arouf@ec191,1746233551,1746898033,1746689583.5986793
arouf@ec192,1746232533,1746900356,1746687975.604165
arouf@ec2,1746210756,1746636135,1746691347.8889656
arouf@ec20,1746210816,1746639484,1746691635.5817604
arouf@ec21,1746210843,1746642700,1746697068.6422071
arouf@ec22,1746210796,1746665481,1746689466.8668642
arouf@ec23,1746210799,1746641951,1746688649.0062695
arouf@ec24,1746210863,1746639205,1746691181.9340782
arouf@ec29,1746210788,1746642195,1746688736.5672083
arouf@ec30,1746210772,1746642302,1746692666.0641196
arouf@ec31,1746210858,1746640692,1746690444.6115007
arouf@ec32,1746210853,1746641517,1746691851.4058332
arouf@ec33,1746210815,1746664515,1746689354.8977299
arouf@ec34,1746210915,1746640610,1746701112.3830976
arouf@ec35,1746210875,1746664815,1746694204.87796
arouf@ec36,1746210907,1746665186,1746693908.8264318
arouf@ec37,1746283959,1746633673,1746691359.6768763
arouf@ec38,1746210878,1746640596,1746692693.3950386
arouf@ec39,1746210834,1746641468,1746694407.8362262
arouf@ec4,1746223216,1746664415,1746696986.7671487
arouf@ec40,1746210865,1746653285,1746695380.6461864
arouf@ec41,1746210879,1746654551,1746687372.7709403
arouf@ec42,1746210900,1746642292,1746691587.1239111
arouf@ec43,1746210927,1746665137,1746699588.7387218
arouf@ec44,1746210935,1746664645,1746693540.0536582
arouf@ec45,1746210777,1746641264,1746697875.887518
arouf@ec46,1746210860,1746641074,1746696222.7659976
arouf@ec48,1746210920,1746640913,1746690110.9617221
arouf@ec5,1746210956,1746641964,1746690336.5755582
arouf@ec6,1746210942,1746639943,1746690447.2156126
arouf@ec7,1746210753,1746640010,1746693593.4206429
arouf@ec8,1746210945,1746642468,1746694554.5836668
arouf@ec9,1746210755,1746642708,1746695322.691833
x-arouf@a007.anvil.rcac.purdue.edu,1746553374,1746812367,1746687500.3132453
x-arouf@a008.anvil.rcac.purdue.edu,1746552052,1746900774,1746694189.0297704
x-arouf@a012.anvil.rcac.purdue.edu,1746553447,1746642214,1746688155.6322455
x-arouf@a013.anvil.rcac.purdue.edu,1746553415,1746899566,1746687439.0455775
x-arouf@a014.anvil.rcac.purdue.edu,1746552251,1746641313,1746694661.104908
x-arouf@a016.anvil.rcac.purdue.edu,1746552218,1746812619,1746694137.952402
x-arouf@a031.anvil.rcac.purdue.edu,1746552152,1746641786,1746688405.715057
x-arouf@a034.anvil.rcac.purdue.edu,1746552088,1746477988,1746691835.6609755
x-arouf@a035.anvil.rcac.purdue.edu,1746552187,1746900471,1746692944.6576247
x-arouf@a036.anvil.rcac.purdue.edu,1746552120,1746478282,1746691045.5821643
x-arouf@a060.anvil.rcac.purdue.edu,1746219005,1746898550,1746690931.5886283
x-arouf@a067.anvil.rcac.purdue.edu,1746811496,1746642455,1746811496.0
x-arouf@a074.anvil.rcac.purdue.edu,1746219101,1746811125,1746690312.1927462
x-arouf@a078.anvil.rcac.purdue.edu,1746219128,1746900315,1746692051.9803982
x-arouf@a079.anvil.rcac.purdue.edu,1746219207,1746898307,1746691806.5670033
x-arouf@a080.anvil.rcac.purdue.edu,1746219156,1746811012,1746687390.1963148
x-arouf@a082.anvil.rcac.purdue.edu,1746219181,1746900450,1746693017.8108559
x-arouf@a083.anvil.rcac.purdue.edu,1746219233,1746810811,1746695005.2208478
x-arouf@a106.anvil.rcac.purdue.edu,1746811389,1746641588,1746811389.0
x-arouf@a120.anvil.rcac.purdue.edu,1746812640,1746641796,1746812640.0
x-arouf@a130.anvil.rcac.purdue.edu,1746812676,1746642053,1746812676.0
x-arouf@a239.anvil.rcac.purdue.edu,1746811316,1746641308,1746811316.0
